scorer,,,jwidrick,jwidrick,jwidrick,jwidrick,jwidrick,jwidrick,jwidrick,jwidrick,jwidrick,jwidrick,jwidrick,jwidrick,jwidrick,jwidrick
bodyparts,,,TS,TS,S1,S1,S2,S2,T1,T1,T2,T2,T3,T3,T4,T4
coords,,,x,y,x,y,x,y,x,y,x,y,x,y,x,y
labeled-data,01112,img26.png,1032.33544921875,406.07403564453125,997.5180053710938,394.5341796875,982.148193359375,380.42144775390625,989.8069458007812,358.0007019042969,1014.4183200623554,355.589555875434,1031.0773166443867,377.92671648119205,1038.6258544921873,415.3712867073928
labeled-data,01112,img27.png,1037.453369140625,404.9608154296875,999.6450805664062,395.4776306152344,981.67919921875,382.870361328125,985.0726928710938,359.74444580078125,1009.808207267881,352.052001953125,1029.6466336212957,370.1074796793673,1039.566019657075,401.2044675518255
labeled-data,01112,img28.png,1040.9071044921875,409.17095947265625,1005.7142333984375,397.39227294921875,984.488525390625,385.9768371582031,980.7113647460938,362.3671569824219,1000.3179992734422,347.9508056640625,1026.6789429180071,362.3459351641484,1038.4471276732017,388.3492165728832
