scorer,DLC_resnet50_larvae_ERMar8shuffle1_750000,DLC_resnet50_larvae_ERMar8shuffle1_750000,DLC_resnet50_larvae_ERMar8shuffle1_750000,DLC_resnet50_larvae_ERMar8shuffle1_750000,DLC_resnet50_larvae_ERMar8shuffle1_750000,DLC_resnet50_larvae_ERMar8shuffle1_750000,DLC_resnet50_larvae_ERMar8shuffle1_750000,DLC_resnet50_larvae_ERMar8shuffle1_750000,DLC_resnet50_larvae_ERMar8shuffle1_750000,DLC_resnet50_larvae_ERMar8shuffle1_750000,DLC_resnet50_larvae_ERMar8shuffle1_750000,DLC_resnet50_larvae_ERMar8shuffle1_750000,DLC_resnet50_larvae_ERMar8shuffle1_750000,DLC_resnet50_larvae_ERMar8shuffle1_750000,DLC_resnet50_larvae_ERMar8shuffle1_750000,DLC_resnet50_larvae_ERMar8shuffle1_750000,DLC_resnet50_larvae_ERMar8shuffle1_750000,DLC_resnet50_larvae_ERMar8shuffle1_750000,DLC_resnet50_larvae_ERMar8shuffle1_750000,DLC_resnet50_larvae_ERMar8shuffle1_750000,DLC_resnet50_larvae_ERMar8shuffle1_750000
bodyparts,TS,TS,TS,S1,S1,S1,S2,S2,S2,T1,T1,T1,T2,T2,T2,T3,T3,T3,T4,T4,T4
coords,x,y,likelihood,x,y,likelihood,x,y,likelihood,x,y,likelihood,x,y,likelihood,x,y,likelihood,x,y,likelihood
labeled-data/01112/img26.png,1032.33544921875,406.07403564453125,0.9994134902954102,997.5180053710938,394.5341796875,0.9999924898147583,982.148193359375,380.42144775390625,0.9999982118606567,989.8069458007812,358.0007019042969,0.9999635219573975,1011.6489868164062,354.5510559082031,0.9999970197677612,1028.3079833984375,373.08038330078125,0.7286807894706726,1038.6258544921875,412.9481201171875,0.906010091304779
labeled-data/01112/img27.png,1037.453369140625,404.9608154296875,0.9997901320457458,999.6450805664062,395.4776306152344,0.9999812841415405,981.67919921875,382.870361328125,0.9999982118606567,985.0726928710938,359.74444580078125,0.9999312162399292,1007.6724243164062,352.052001953125,0.999951958656311,1028.2227783203125,365.4799499511719,0.9597190618515015,1040.6339111328125,407.61181640625,0.40043118596076965
labeled-data/01112/img28.png,1040.9071044921875,409.17095947265625,0.9999725818634033,1005.7142333984375,397.39227294921875,0.999915599822998,984.488525390625,385.9768371582031,0.9999963045120239,980.7113647460938,362.3671569824219,0.9999852180480957,999.9685668945312,347.9508056640625,0.9998329877853394,1023.8834838867188,356.05615234375,0.9989829659461975,1179.22265625,71.10707092285156,0.16469544172286987
