scorer,,,jwidrick,jwidrick,jwidrick,jwidrick,jwidrick,jwidrick,jwidrick,jwidrick,jwidrick,jwidrick,jwidrick,jwidrick,jwidrick,jwidrick
bodyparts,,,TS,TS,S1,S1,S2,S2,T1,T1,T2,T2,T3,T3,T4,T4
coords,,,x,y,x,y,x,y,x,y,x,y,x,y,x,y
labeled-data,01154,img25.png,875.236864388014,702.7576151219235,904.6273193359375,680.570556640625,921.5660400390625,677.2984619140625,935.4131469726562,699.0323486328125,917.3445343483647,718.9373026219235,887.0249008374551,721.0206675366945,850.8489483161633,725.1559539328854
labeled-data,01154,img26.png,875.6285612686365,713.0869140625,901.7206420898438,684.573486328125,918.3319702148438,676.8055419921875,936.1015014648438,692.5765380859375,927.7119526618208,715.1509013420855,896.0575115217155,720.5988907040872,857.823775340421,721.0240714936594
labeled-data,01154,img27.png,874.5801670207555,718.5985773064366,898.1102294921875,688.2415161132812,915.2761840820312,677.1082153320312,938.0390625,689.1904907226562,933.9913495950909,712.2600597425956,905.3157563342472,722.376914206215,872.498423928988,724.9556716741489
labeled-data,01154,img28.png,871.3421140608825,720.7777079592539,896.64111328125,690.585205078125,912.5000610351562,678.925048828125,938.0875854492188,684.8143920898438,939.960573290746,708.8587056149647,913.7085351103871,723.117435643992,879.4408289100239,727.7721867716216
labeled-data,01154,img29.png,862.9796752929688,722.23291015625,893.529052734375,696.562744140625,908.5134887695312,684.0,935.4953002929688,677.9806518554688,947.3353271484375,702.4440307617188,925.8505422720905,723.3486212326688,892.0029470572467,727.9361043938449
