scorer,,,jwidrick,jwidrick,jwidrick,jwidrick,jwidrick,jwidrick,jwidrick,jwidrick,jwidrick,jwidrick,jwidrick,jwidrick,jwidrick,jwidrick
bodyparts,,,TS,TS,S1,S1,S2,S2,T1,T1,T2,T2,T3,T3,T4,T4
coords,,,x,y,x,y,x,y,x,y,x,y,x,y,x,y
labeled-data,01128,img26.png,815.370361328125,592.074462890625,842.27685546875,607.6261596679688,848.8338012695312,623.0379028320312,838.9414690846586,643.9063995135953,816.7947360702778,636.5835022423405,810.3460409929035,612.2249968806298,803.8303833007812,577.9229125976562
labeled-data,01128,img27.png,808.848388671875,590.533935546875,839.8521118164062,606.4854736328125,848.5746459960938,620.021484375,844.1559448242188,641.827392578125,819.8933971671703,644.3387736037613,810.8048682843208,622.4270966974375,803.0654062197389,585.5523984434365
labeled-data,01128,img28.png,806.8968505859375,587.242919921875,835.9568481445312,604.599365234375,848.000732421875,618.5693969726562,847.831298828125,643.390869140625,822.5866935639721,648.3050387537138,810.3643810890741,627.6549258025706,803.0546707740702,596.7419465872916
labeled-data,01128,img29.png,806.1317749023438,580.3147583007812,833.0453491210938,602.1530151367188,843.9613037109375,617.7427368164062,851.7596435546875,643.4707641601562,829.7045288085938,654.2695922851562,811.9386844184751,635.2714728408565,803.228753941387,606.8837134282205
