scorer,,,jwidrick,jwidrick,jwidrick,jwidrick,jwidrick,jwidrick,jwidrick,jwidrick,jwidrick,jwidrick,jwidrick,jwidrick,jwidrick,jwidrick
bodyparts,,,TS,TS,S1,S1,S2,S2,T1,T1,T2,T2,T3,T3,T4,T4
coords,,,x,y,x,y,x,y,x,y,x,y,x,y,x,y
labeled-data,01146,img32.png,356.73431396484375,333.7743225097656,362.3144836425781,298.0030822753906,368.8300476074219,284.25262451171875,394.64012134420994,276.26020195691655,407.5094909667969,300.7057800292969,392.64593785569934,323.8203642178314,370.5583450366008,335.7505466431806
labeled-data,01146,img33.png,359.7952880859375,342.0873718261719,363.3562927246094,304.72149658203125,368.7173156738281,289.127685546875,387.6263732910156,272.81231689453125,409.0079617462958,291.98033643329074,399.0457528652172,317.67322790902824,378.2192252472884,330.7959082406727
labeled-data,01146,img34.png,361.1254577636719,350.4100646972656,365.278076171875,310.43798828125,368.10772705078125,292.3252258300781,383.2464904785156,270.418701171875,407.2228142626543,280.57731323767325,407.89620292927793,307.9336296923418,387.6485012606665,325.9886874652879
