scorer,DLC_resnet50_larvae_ERMar8shuffle1_750000,DLC_resnet50_larvae_ERMar8shuffle1_750000,DLC_resnet50_larvae_ERMar8shuffle1_750000,DLC_resnet50_larvae_ERMar8shuffle1_750000,DLC_resnet50_larvae_ERMar8shuffle1_750000,DLC_resnet50_larvae_ERMar8shuffle1_750000,DLC_resnet50_larvae_ERMar8shuffle1_750000,DLC_resnet50_larvae_ERMar8shuffle1_750000,DLC_resnet50_larvae_ERMar8shuffle1_750000,DLC_resnet50_larvae_ERMar8shuffle1_750000,DLC_resnet50_larvae_ERMar8shuffle1_750000,DLC_resnet50_larvae_ERMar8shuffle1_750000,DLC_resnet50_larvae_ERMar8shuffle1_750000,DLC_resnet50_larvae_ERMar8shuffle1_750000,DLC_resnet50_larvae_ERMar8shuffle1_750000,DLC_resnet50_larvae_ERMar8shuffle1_750000,DLC_resnet50_larvae_ERMar8shuffle1_750000,DLC_resnet50_larvae_ERMar8shuffle1_750000,DLC_resnet50_larvae_ERMar8shuffle1_750000,DLC_resnet50_larvae_ERMar8shuffle1_750000,DLC_resnet50_larvae_ERMar8shuffle1_750000
bodyparts,TS,TS,TS,S1,S1,S1,S2,S2,S2,T1,T1,T1,T2,T2,T2,T3,T3,T3,T4,T4,T4
coords,x,y,likelihood,x,y,likelihood,x,y,likelihood,x,y,likelihood,x,y,likelihood,x,y,likelihood,x,y,likelihood
labeled-data/01146/img32.png,356.73431396484375,333.7743225097656,0.9999938011169434,362.3144836425781,298.0030822753906,0.9999470710754395,368.8300476074219,284.25262451171875,0.9999994039535522,393.0399169921875,275.3000793457031,0.999997615814209,407.5094909667969,300.7057800292969,0.9996976852416992,389.12548828125,321.580078125,0.9982182383537292,1193.3914794921875,55.40221405029297,0.969096839427948
labeled-data/01146/img33.png,359.7952880859375,342.0873718261719,0.9999984502792358,363.3562927246094,304.72149658203125,0.9999923706054688,368.7173156738281,289.127685546875,0.9999988079071045,387.6263732910156,272.81231689453125,0.9999977350234985,407.5841064453125,294.1161193847656,0.999775230884552,392.2824401855469,318.7411193847656,0.9948455095291138,362.91278076171875,341.4748229980469,0.6791446208953857
labeled-data/01146/img34.png,361.1254577636719,350.4100646972656,0.9999996423721313,365.278076171875,310.43798828125,0.9999977350234985,368.10772705078125,292.3252258300781,0.999998927116394,383.2464904785156,270.418701171875,0.9999915361404419,406.8799133300781,283.6634216308594,0.9991018772125244,404.4671936035156,307.5907287597656,0.9935712814331055,395.19232177734375,321.5309753417969,0.5520792603492737
