scorer,,,jwidrick,jwidrick,jwidrick,jwidrick,jwidrick,jwidrick,jwidrick,jwidrick,jwidrick,jwidrick,jwidrick,jwidrick,jwidrick,jwidrick
bodyparts,,,TS,TS,S1,S1,S2,S2,T1,T1,T2,T2,T3,T3,T4,T4
coords,,,x,y,x,y,x,y,x,y,x,y,x,y,x,y
labeled-data,01137,img27.png,880.4434367952534,184.5494008927439,914.7376098632812,168.8594512939453,931.7705688476562,171.44700622558594,947.6956787109375,193.28143310546875,929.5221557617188,213.3029327392578,898.8315241254421,210.2814982368993,868.584888739829,199.0208141145894
labeled-data,01137,img28.png,877.234619140625,194.47621154785156,908.5430297851562,173.05528259277344,927.2286987304688,169.7953338623047,948.0673828125,185.62379455566406,937.0745607320766,211.5734921538382,905.2356092065673,211.1506991766419,874.3843010905252,199.3093523685029
labeled-data,01137,img29.png,879.8236793898469,204.60513803476724,903.7454833984375,180.08819580078125,920.6671142578125,171.07786560058594,946.3580322265625,177.9740447998047,946.6129760742188,202.3634490966797,922.0200487481275,214.46198662037787,897.7128757591515,206.39689806583596
labeled-data,01137,img30.png,875.805908203125,211.07833862304688,901.96728515625,185.16302490234375,917.1375732421875,173.06715393066406,943.808349609375,172.51902770996094,951.1763628012361,196.30439844163365,927.6116391146861,213.26804104042685,901.9441980189705,207.70792788757538
labeled-data,01137,img31.png,869.5293579101562,214.242919921875,898.2891845703125,192.05612182617188,914.2576904296875,176.71170043945312,939.5654296875,167.36790466308594,956.6339109241544,186.371033027831,944.9072267711583,208.89343219987117,912.5775786048084,211.83117707079975
